영화인 '라이언 레놀즈'의 필모 리스트,,,,,,,,,
영화명,영화명(영문),제작연도,제작국가,장르,역할,공식통계 매출액,공식통계 관객수,KOBIS통계 매출액,KOBIS통계 관객수
데드풀 2,DEADPOOL 2,2018,미국,"액션,어드벤처,코미디,SF",주연,,,"18,607,000","1,271"
킬러의 보디가드,The Hitman's Bodyguard,2017,미국,"액션,코미디",주연-마이클 브라이스 역,"14,020,395,800","1,721,757","14,020,395,800","1,721,757"
라이프,Life,2017,미국,"SF,스릴러",주연,"3,791,748,210","459,984","3,791,748,210","459,984"
크리미널,Criminal,2016,"영국,미국","액션,범죄",주연,"738,985,181","92,358","738,985,181","92,358"
데드풀,Deadpool,2016,미국,"액션,SF",주연,"27,595,618,651","3,317,196","27,595,618,651","3,317,196"
셀프/리스,Self/less,2015,미국,"SF,액션,스릴러",주연,"874,447,764","111,127","874,447,764","111,127"
우먼 인 골드,Woman in Gold,2015,"미국,영국",드라마,주연,"1,109,776,800","144,154","1,111,546,800","144,744"
더 보이스,The Voices,2014,"미국,독일","코미디,범죄",주연,,,,
R.I.P.D. : 알.아이.피.디.,R.I.P.D,2013,미국,"액션,코미디,범죄",주연-닉 워커역,"725,451,071","101,460","725,451,071","101,460"
크루즈 패밀리,The Croods,2013,미국,"애니메이션,가족,코미디",주연(목소리),"6,540,060,500","941,615","6,552,685,700","943,806"
터보,Turbo,2012,미국,애니메이션,주연-터보역(목소리),"13,113,579,000","1,923,748","13,121,226,000","1,925,154"
세이프 하우스,SAFE HOUSE,2012,"미국,남아프리카공화국","액션,스릴러",주연,"1,223,151,500","163,729","1,223,156,500","163,730"
그린랜턴: 반지의 선택,Green Lantern,2011,미국,"SF,액션",주연-할 조던 / 그린 랜턴역,"1,651,783,500","216,676","1,651,783,500","216,676"
체인지 업,The Change-Up,2011,미국,코미디,주연,,,,
베리드,Buried,2010,스페인,드라마,주연,"470,090,587","64,449","465,167,000","63,757"
페이퍼맨,Paper Man,2009,미국,"코미디,드라마",주연,"900,000",150,"900,000",150
프로포즈,The Proposal,2009,미국,"멜로/로맨스,코미디,드라마",주연-앤드류 팩스턴역,"2,481,694,139","328,767","2,442,083,500","323,707"
엑스맨 탄생: 울버린,X-Men Origins: Wolverine,2009,미국,"SF,액션,판타지",주연,"8,560,185,022","1,303,452","8,408,135,000","1,280,734"
반딧불이 정원,Fireflies in the Garden,2008,미국,"가족,드라마",주연,,,,
나의 특별한 사랑이야기,"Definitely, Maybe",2007,미국,"코미디,드라마,멜로/로맨스",주연-윌 헤이즈 역,"1,166,701,500","186,234","1,165,168,500","179,336"
더 나인스,The Nines,2007,미국,"판타지,미스터리",주연,,,,
카오스 이론,Chaos Theory,2007,미국,"코미디,드라마,멜로/로맨스",주연,,,,
저스트 프렌드,Just Friends,2005,미국,"코미디,멜로/로맨스",주연-크리스 브랜더역,0,"246,431","1,444,893,000","236,759"
아미티빌 호러,The Amityville Horror,2005,미국,공포(호러),주연,0,"92,433","527,182,500","83,166"
웨이팅...,Waiting...,2005,미국,코미디,주연,,,,
블레이드 3,Blade: Trinity,2004,미국,액션,주연,0,"1,069,643","4,736,231,500","728,229"
풀프루프,Foolproof,2003,캐나다,"액션,코미디,범죄,스릴러",주연-케빈역,,,,
엽기캠퍼스,Van Wilder,2002,"독일,미국","코미디,멜로/로맨스",주연-밴 와일더역,,,,
화려한 싱글,Buying The Cow,2002,미국,코미디,주연,,,,
데드풀 2,DEADPOOL 2,2018,미국,"액션,어드벤처,코미디,SF",감독,,,"18,607,000","1,271"
아토믹 블론드,Atomic Blonde,2017,미국,액션,감독,"1,177,725,658","155,368","1,177,725,658","155,368"
존 윅: 특별판,John Wick,2014,미국,"액션,드라마",감독,"30,000",10,"30,000",10
존 윅,John Wick,2014,미국,"액션,스릴러",감독,"925,995,637","116,119","927,819,137","116,402"
데드풀 2,DEADPOOL 2,2018,미국,"액션,어드벤처,코미디,SF","배급사,수입사",,,"18,607,000","1,271"
레드 스패로,RED SPARROW,2018,미국,스릴러,"배급사,수입사","860,687,700","108,334","860,743,700","108,344"
개들의 섬,Isle of Dogs,2018,"독일,미국","코미디,다큐멘터리","배급사,수입사",,,,
엑스맨: 뉴 뮤턴트,The New Mutants,2018,미국,"액션,공포(호러),SF","배급사,수입사",,,,
쓰리 빌보드,"Three Billboards Outside Ebbing, Missouri",2017,미국,"코미디,범죄,드라마","배급사,수입사","790,351,200","96,239","799,885,700","97,450"
셰이프 오브 워터: 사랑의 모양,The Shape of Water,2017,미국,"어드벤처,판타지","배급사,수입사","4,203,946,900","505,499","4,205,645,900","505,712"
메이즈 러너: 데스 큐어,Maze Runner: The Death Cure,2017,미국,"액션,SF,스릴러","배급사,수입사","18,903,209,104","2,299,780","18,902,975,104","2,299,751"
페르디난드,FERDINAND,2017,미국,"애니메이션,어드벤처,코미디","배급사,수입사","3,866,542,500","535,448","3,866,542,500","535,448"
위대한 쇼맨,The Greatest Showman,2017,미국,"드라마,뮤지컬","배급사,수입사","11,505,099,700","1,402,058","11,503,884,200","1,401,899"
오리엔트 특급 살인,Murder on the Orient Express,2017,미국,"드라마,미스터리,범죄","배급사,수입사","6,645,385,163","864,757","6,645,385,163","864,757"
빌리 진 킹: 세기의 대결,Battle Of The Sexes,2017,"미국,영국",코미디,"배급사,수입사","159,850,000","20,138","159,850,000","20,138"
어메이징 메리,Gifted,2017,미국,드라마,"배급사,수입사","279,960,500","34,777","279,960,500","34,777"
킹스맨: 골든 서클,Kingsman: The Golden Circle,2017,"미국,영국","액션,어드벤처,코미디","배급사,수입사","40,987,484,736","4,945,484","40,987,484,736","4,945,484"
혹성탈출: 종의 전쟁,WAR FOR THE PLANET OF THE APES,2017,미국,"액션,어드벤처,드라마,SF","배급사,수입사","16,854,482,778","2,051,315","16,854,482,778","2,051,315"
대립군,WARRIORS OF THE DAWN,2017,한국,"드라마,사극",배급사,"6,276,963,402","837,500","6,276,963,402","837,500"
에이리언: 커버넌트,Alien: Covenant,2017,"미국,호주,뉴질랜드","SF,스릴러","배급사,수입사","10,745,826,264","1,307,226","10,745,826,264","1,307,226"
로건,Logan,2017,미국,"액션,SF","배급사,수입사","18,391,060,223","2,169,109","18,391,060,223","2,169,109"
니 부모 얼굴이 보고 싶다,,2017,한국,드라마,배급사,,,,
히든 피겨스,Hidden Figures,2016,미국,드라마,"배급사,수입사","3,580,767,033","449,518","3,580,767,033","449,518"
더 큐어,A Cure For Wellness,2016,"미국,독일","미스터리,스릴러","배급사,수입사","1,331,883,200","159,948","1,331,883,200","159,948"
어쌔신 크리드,Assassin's Creed,2016,"미국,영국,프랑스","액션,어드벤처,판타지,SF","배급사,수입사","2,899,270,921","355,813","2,899,270,921","355,813"
미스 페레그린과 이상한 아이들의 집,Miss Peregrine's Home For Peculiar Children,2016,"미국,벨기에,영국","미스터리,판타지","배급사,수입사","21,841,214,586","2,718,158","21,841,214,586","2,718,158"
아이스 에이지: 지구 대충돌,Ice Age: Collision Course,2016,미국,"애니메이션,어드벤처,코미디","배급사,수입사","4,092,484,600","553,760","4,092,484,600","553,760"
인디펜던스 데이 : 리써전스,Independence Day: Resurgence,2016,미국,"액션,어드벤처,SF","배급사,수입사","12,770,879,840","1,500,830","12,770,879,840","1,500,830"
엑스맨: 아포칼립스,X-Men: Apocalypse,2016,미국,"액션,어드벤처,판타지,SF","배급사,수입사","24,467,887,950","2,938,818","24,467,887,950","2,938,818"
곡성,THE WAILING,2016,한국,"미스터리,스릴러,드라마","배급사,제공","55,863,520,382","6,879,908","55,864,308,382","6,879,989"
브루클린,Brooklyn,2016,미국,"드라마,멜로/로맨스","배급사,수입사","412,985,600","51,106","412,985,600","51,106"
독수리 에디,Eddie the Eagle,2016,미국,드라마,"배급사,수입사","1,799,381,120","226,341","1,799,381,120","226,341"
데드풀,Deadpool,2016,미국,"액션,SF","배급사,수입사","27,595,618,651","3,317,196","27,595,618,651","3,317,196"
국가의 탄생,The Birth of a Nation,2016,미국,드라마,"배급사,수입사",,,,
조이,Joy,2015,미국,"코미디,드라마","배급사,수입사","1,377,567,200","172,198","1,378,007,200","172,253"
앨빈과 슈퍼밴드: 악동 어드벤처,Alvin and the Chipmunks: The Road Chip,2015,미국,"애니메이션,어드벤처,코미디","배급사,수입사","2,125,772,200","292,495","2,125,772,200","292,495"
레버넌트: 죽음에서 돌아온 자,The Revenant,2015,미국,"어드벤처,드라마","배급사,수입사","16,111,255,130","2,007,657","16,111,327,130","2,007,665"
스누피: 더 피너츠 무비,The Peanuts Movie,2015,미국,"애니메이션,어드벤처,코미디","배급사,수입사","1,505,929,300","197,238","1,505,929,300","197,238"
미스트리스 아메리카,Mistress America,2015,미국,"코미디,드라마","배급사,수입사","65,584,200","7,995","65,584,200","7,995"
스파이 브릿지,Bridge of Spies,2015,미국,"스릴러,드라마","배급사,수입사","2,051,232,478","265,075","2,062,654,278","266,493"
마션,The Martian,2015,미국,"액션,어드벤처,SF","배급사,수입사","39,663,145,295","4,880,800","39,672,140,595","4,881,865"
메이즈 러너: 스코치 트라이얼,Maze Runner: The Scorch Trials,2015,미국,"액션,SF,스릴러","배급사,수입사","21,596,946,349","2,744,413","21,596,946,349","2,744,413"
히트맨: 에이전트 47,Hitman: Agent 47,2015,미국,"액션,범죄,스릴러","배급사,수입사","502,308,500","64,157","502,308,500","64,157"
판타스틱 4,Fantastic 4,2015,미국,"액션,판타지,SF","배급사,수입사","3,029,310,600","399,667","3,029,310,600","399,667"
스파이,Spy,2015,미국,"액션,코미디","배급사,수입사","18,417,637,358","2,318,748","18,417,637,358","2,318,748"
나의 절친 악당들,Intimate Enemies,2014,한국,"범죄,액션,드라마",배급사,"1,054,470,664","133,553","1,054,470,664","133,553"
버드맨,Birdman or The Unexpected Virtue of Ignorance,2014,미국,"코미디,드라마","배급사,수입사","1,664,640,800","206,241","1,664,640,800","206,241"
킹스맨 : 시크릿 에이전트,Kingsman: The Secret Service,2014,"미국,영국","액션,스릴러","배급사,수입사","50,369,009,795","6,129,681","50,369,009,795","6,129,681"
와일드,Wild,2014,미국,드라마,"배급사,수입사","665,271,800","83,334","668,736,800","83,761"
박물관이 살아있다 : 비밀의 무덤,Night at the Museum: Secret of the Tomb,2014,"미국,영국","어드벤처,코미디,가족","배급사,수입사","8,170,784,606","1,101,678","8,170,784,606","1,101,678"
테이큰 3,Taken 3,2014,미국,"액션,범죄,스릴러","배급사,수입사","16,102,014,000","2,006,561","16,102,014,000","2,006,561"
엑소더스: 신들과 왕들,Exodus: Gods and Kings,2014,"미국,영국,스페인",드라마,"배급사,수입사","12,448,333,926","1,511,845","12,448,333,926","1,511,845"
아더 우먼,The Other Woman,2014,미국,"코미디,멜로/로맨스","배급사,수입사","593,353,218","78,978","593,353,218","78,978"
나를 찾아줘,Gone Girl,2014,미국,스릴러,"배급사,수입사","14,017,716,731","1,764,233","14,017,716,731","1,764,233"
슬로우 비디오,Slow Video,2014,한국,"드라마,코미디",배급사,"8,913,092,219","1,169,562","8,913,092,219","1,169,562"
메이즈 러너,The Maze Runner,2014,미국,"액션,미스터리,SF,스릴러","배급사,수입사","21,489,367,677","2,812,427","21,489,367,677","2,812,427"
"안녕, 헤이즐",The Fault In Our Stars,2014,미국,"드라마,멜로/로맨스","배급사,수입사","5,833,905,000","749,146","5,833,905,000","749,146"
혹성탈출: 반격의 서막,Dawn of the Planet of the Apes,2014,미국,"액션,드라마,SF,스릴러","배급사,수입사","31,514,053,095","4,002,560","31,514,053,095","4,002,560"
엑스맨: 데이즈 오브 퓨처 패스트,X-Men: Days of Future Past,2014,미국,"액션,판타지,SF,어드벤처","배급사,수입사","34,654,558,766","4,313,871","34,654,558,766","4,313,871"
리오 2,Rio 2,2014,미국,"애니메이션,코미디,어드벤처","배급사,수입사","5,668,239,900","765,713","5,669,231,900","765,961"
그랜드 부다페스트 호텔,The Grand Budapest Hotel,2014,"미국,독일","미스터리,어드벤처","배급사,수입사","6,014,299,982","773,887","6,049,062,782","778,493"
모뉴먼츠 맨: 세기의 작전,The Monuments Men,2014,"미국,독일","액션,드라마","배급사,수입사","534,041,027","71,483","534,041,027","71,483"
더 드롭,The Drop,2014,미국,"범죄,드라마","배급사,수입사",,,,
월터의 상상은 현실이 된다,The Secret Life of Walter Mitty,2013,미국,"어드벤처,코미디,드라마","배급사,수입사","6,877,576,799","941,672","6,994,192,499","955,955"
다이노소어 어드벤처 3D,Walking with Dinosaurs 3D,2013,"미국,영국","액션,가족","배급사,수입사","4,860,516,500","599,963","4,860,516,500","599,963"
카운슬러,The Counselor,2013,"미국,영국","범죄,드라마,스릴러","배급사,수입사","966,623,000","133,272","966,623,000","133,272"
히든 카드,Runner Runner,2013,미국,"범죄,스릴러","배급사,수입사","1,080,423,651","151,476","1,080,423,651","151,476"
퍼시 잭슨과 괴물의 바다,Percy Jackson and Sea of Monsters,2013,미국,"판타지,어드벤처","배급사,수입사","3,791,349,609","519,584","3,791,349,609","519,584"
에픽 : 숲속의 전설,Epic,2013,미국,"애니메이션,어드벤처","배급사,수입사","6,748,089,000","978,788","6,748,072,000","978,785"
더 울버린,The Wolverine,2013,미국,"액션,SF","배급사,수입사","7,849,518,000","1,075,333","7,849,518,000","1,075,333"
스토커,Stoker,2013,미국,"드라마,스릴러","배급사,수입사","2,828,301,674","378,729","2,832,318,674","379,241"
다이하드: 굿 데이 투 다이,A Good Day to Die Hard,2013,미국,"액션,범죄,스릴러","배급사,수입사","10,825,703,000","1,438,056","10,825,703,000","1,438,056"
인턴쉽,The Internship,2013,미국,코미디,"배급사,수입사",,,,
런닝맨,Running Man,2012,"한국,미국","액션,코미디",배급사,"10,060,239,500","1,422,844","10,060,239,500","1,422,844"
링컨,Lincoln,2012,미국,"드라마,전쟁","배급사,수입사","954,242,500","137,505","954,242,500","137,505"
세션 : 이 남자가 사랑하는 법,The Sessions,2012,미국,드라마,"배급사,수입사","98,352,500","12,430","98,352,500","12,430"
라이프 오브 파이,Life of Pi,2012,미국,"어드벤처,드라마","배급사,수입사","15,870,581,500","1,593,463","16,305,366,600","1,634,286"
테이큰 2,Taken 2,2012,프랑스,"액션,범죄,드라마","배급사,수입사","17,581,098,553","2,308,596","17,581,248,553","2,308,646"
링컨: 뱀파이어 헌터,Abraham Lincoln: Vampire Hunter,2012,미국,"액션,스릴러,공포(호러)","배급사,수입사","2,750,911,500","344,876","2,753,130,000","345,175"
아이스 에이지 4: 대륙 이동설,Ice Age: Continental Drift,2012,미국,"애니메이션,어드벤처,코미디,가족","배급사,수입사","12,291,809,704","1,648,070","12,291,969,704","1,648,110"
프로메테우스,Prometheus,2012,미국,"SF,스릴러","배급사,수입사","8,600,146,099","971,482","8,600,146,099","971,482"
크로니클,Chronicle,2012,미국,"액션,스릴러","배급사,수입사","2,884,776,000","384,398","2,884,776,000","384,398"
디스 민즈 워,This Means War,2012,미국,"액션,코미디,멜로/로맨스","배급사,수입사","6,661,435,000","873,396","6,661,435,000","873,396"
레드 테일스,Red Tails,2012,미국,"액션,어드벤처",제작사,,,,
히치콕,Hitchcock,2012,미국,스릴러,"배급사,수입사",,,,
베스트 엑조틱 메리골드 호텔,The Best Exotic Marigold Hotel,2011,영국,"코미디,드라마","배급사,수입사","401,298,500","56,584","401,298,500","56,584"
디센던트,The Descendants,2011,미국,"코미디,드라마","배급사,수입사","407,991,800","53,103","411,165,800","53,691"
우리는 동물원을 샀다,We Bought a Zoo,2011,미국,"가족,코미디","배급사,수입사","1,993,190,500","276,334","1,993,190,500","276,334"
다크아워,The Darkest Hour,2011,미국,"SF,액션","배급사,수입사","1,319,649,000","162,604","1,321,149,000","162,704"
앨빈과 슈퍼밴드3,Alvin And The Chipmunks: Chip-Wrecked,2011,미국,"애니메이션,코미디,어드벤처,가족","배급사,수입사","3,763,147,000","569,773","3,764,908,000","570,150"
인 타임,In Time,2011,미국,"SF,스릴러,액션","배급사,수입사","4,579,554,500","616,943","4,579,554,500","616,943"
파퍼씨네 펭귄들,Mr. Popper's Penguins,2011,미국,코미디,"배급사,수입사","7,049,177,000","980,387","7,049,177,000","980,387"
혹성탈출: 진화의 시작,Rise of the Planet of the Apes,2011,미국,"액션,SF,드라마","배급사,수입사","20,629,757,000","2,773,794","20,629,757,000","2,773,794"
리오,Rio,2011,미국,"애니메이션,어드벤처,코미디","배급사,수입사","5,022,007,500","645,191","5,021,719,500","645,151"
워터 포 엘리펀트,Water For Elephants,2011,미국,드라마,"배급사,수입사","418,236,500","55,561","418,236,500","55,561"
엑스맨: 퍼스트 클래스,X-Men: First Class,2010,미국,액션,"배급사,수입사","19,075,363,000","2,533,852","19,081,006,000","2,534,979"
네버 렛 미 고,Never Let Me Go,2010,미국,"드라마,멜로/로맨스","배급사,수입사","32,845,500","4,165","32,845,500","4,165"
블랙 스완,Black Swan,2010,미국,"드라마,스릴러","배급사,수입사","12,484,096,000","1,623,199","12,486,540,500","1,623,518"
127시간,127 Hours,2010,미국,"드라마,스릴러","배급사,수입사","1,337,550,500","180,846","1,337,557,500","180,847"
걸리버 여행기,Gulliver's Travels,2010,미국,"코미디,어드벤처","배급사,수입사","16,441,355,500","1,762,070","16,441,365,500","1,762,071"
러브 & 드럭스,Love And Other Drugs,2010,미국,"멜로/로맨스,코미디",배급사,"4,125,733,000","527,077","4,125,733,000","527,077"
황해,The Yellow Sea,2010,"한국,미국,중국","스릴러,액션,범죄",배급사,"16,765,970,362","2,167,426","17,497,165,500","2,260,512"
나니아 연대기: 새벽 출정호의 항해,The Chronicles of Narnia: The Voyage of The Dawn Treader,2010,미국,"판타지,가족,어드벤처","배급사,수입사","11,276,008,290","1,182,228","11,168,877,200","1,172,586"
언스토퍼블,Unstoppable,2010,미국,"액션,스릴러,드라마","배급사,수입사","3,325,136,489","459,535","3,273,318,500","452,320"
월 스트리트: 머니 네버 슬립스,Wall Street 2: Money Never Sleeps,2010,미국,"드라마,범죄,스릴러","배급사,수입사","1,788,986,817","245,343","1,760,899,000","241,438"
프레데터스,Predators,2010,미국,"액션,스릴러,SF,어드벤처","배급사,수입사","2,025,850,507","281,642","1,991,492,500","276,536"
나잇&데이,Knight & Day,2010,미국,"액션,코미디","배급사,수입사","17,054,262,425","2,282,191","16,777,869,600","2,243,484"
A-특공대,The A-Team,2010,미국,액션,"배급사,수입사","5,890,424,042","791,173","5,795,794,000","777,985"
크레이지 하트,Crazy Heart,2010,미국,"드라마,멜로/로맨스","배급사,수입사","48,773,260","6,313","48,007,500","6,213"
퍼시 잭슨과 번개 도둑,Percy Jackson & The Olympians: The Lightning Thief,2010,미국,"판타지,어드벤처","배급사,수입사","13,372,357,257","1,877,226","13,158,158,500","1,846,180"
아바타 3D 스페셜에디션,Avatar,2009,미국,"SF,액션","배급사,수입사",,,"1,870,164,500","148,098"
500일의 썸머,500Days Of Summer,2009,미국,"드라마,멜로/로맨스","배급사,수입사","1,064,051,540","140,458","2,273,092,800","286,240"
앨빈과 슈퍼밴드2,Alvin And The Chipmunks 2,2009,미국,"가족,코미디,드라마","배급사,수입사","4,171,956,017","625,900","4,113,157,000","617,085"
판타스틱 Mr. 폭스,Fantastic Mr. Fox,2009,"미국,영국","애니메이션,코미디,어드벤처,가족","배급사,수입사","145,734,874","19,590","144,584,500","19,551"
아바타,Avatar,2009,미국,"SF,액션,어드벤처","배급사,수입사","128,447,097,523","13,624,328","124,899,808,500","13,302,853"
박물관이 살아있다 2,Night At The Museum 2: Battle Of The Smithsonian,2009,미국,"어드벤처,코미디,액션","배급사,수입사","12,591,000,149","2,002,526","12,399,745,500","1,972,440"
엑스맨 탄생: 울버린,X-Men Origins: Wolverine,2009,미국,"SF,액션,판타지","배급사,수입사","8,560,185,022","1,303,452","8,408,135,000","1,280,734"
신부들의 전쟁,Bride Wars,2009,미국,"코미디,멜로/로맨스","배급사,수입사","686,671,367","105,202","675,067,500","103,501"
드래곤볼 에볼루션,Dragonball,2009,미국,"액션,어드벤처,SF,가족","배급사,수입사","2,695,732,696","425,571","2,655,743,500","419,189"
말리와 나,Marley & Me,2008,미국,"드라마,코미디,멜로/로맨스,가족","배급사,수입사","1,437,267,652","213,500","1,415,054,000","210,270"
작전명 발키리,Valkyrie,2008,"미국,독일","스릴러,드라마,전쟁","배급사,수입사","11,972,135,869","1,798,205","11,875,231,500","1,784,165"
지구가 멈추는 날,The Day The Earth Stood Still,2008,미국,"SF,액션,스릴러","배급사,수입사","10,395,192,543","1,576,333","10,393,857,500","1,576,492"
오스트레일리아,Australia,2008,미국,"사극,멜로/로맨스,서부극(웨스턴)","배급사,수입사","6,471,511,555","998,528","6,472,917,000","999,030"
맥스 페인,Max Payne,2008,미국,"범죄,스릴러,액션","배급사,수입사","1,629,486,000","257,808","1,631,146,500","258,067"
미러,Mirrors,2008,"미국,루마니아","공포(호러),스릴러","배급사,수입사","1,331,646,500","193,815","1,334,376,500","194,216"
해프닝,The Happening,2008,미국,"SF,드라마,미스터리","배급사,수입사","2,366,614,500","348,772","2,375,782,500","347,791"
라스베가스에서만 생길 수 있는 일,What Happens In Vegas,2008,미국,"멜로/로맨스,코미디","배급사,수입사","4,604,235,334","704,834","4,600,092,000","693,874"
호튼,Horton Hears A Who!,2008,미국,"애니메이션,어드벤처,가족","배급사,수입사","3,802,813,334","638,598","3,801,884,000","635,579"
스트리트 킹,Street Kings,2008,미국,"범죄,드라마,스릴러","배급사,수입사","1,781,772,500","274,628","1,781,772,500","272,501"
바빌론 A.D.,Babylon A.D.,2007,미국,"SF,스릴러,액션","배급사,수입사","1,483,575,500","227,354","1,496,477,500","229,622"
상사부일체,"The Mafia, The Salesman",2007,한국,"코미디,액션",배급사,0,"947,510","5,807,823,500","883,965"
선샤인,Sunshine,2007,미국,"SF,스릴러","제작사,수입사",0,"104,428","561,125,000","90,208"
어메이징 그레이스,Amazing Grace,2006,"미국,영국","사극,드라마","배급사,수입사","321,802,167","52,544","319,696,000","50,745"
미스 리틀 선샤인,Little Miss Sunshine,2006,미국,"코미디,드라마","배급사,수입사",0,"26,748","173,187,000","26,251"
박물관이 살아있다!,Night At The Museum,2006,미국,"코미디,어드벤처","배급사,수입사",0,"4,612,831","24,401,542,200","4,245,247"
어느 멋진 순간,A Good Year,2006,미국,"드라마,멜로/로맨스","배급사,수입사",0,"248,711","1,206,230,500","193,013"
악마는 프라다를 입는다,The Devil Wears Prada,2006,미국,드라마,"배급사,수입사",0,"1,730,719","8,377,549,400","1,378,126"
센티넬,The Sentinel,2006,미국,"범죄,드라마","배급사,수입사",0,"163,257","806,982,500","127,722"
겁나는 여친의 완벽한 비밀,My Super Ex-Girlfriend,2006,미국,"코미디,멜로/로맨스","배급사,수입사",0,"315,396","1,592,536,000","251,788"
가필드 2,Garfield 2,2006,미국,"애니메이션,코미디","배급사,수입사",0,"224,893","1,045,835,100","185,249"
엑스맨 : 최후의 전쟁,X-Men : The Last Stand,2006,미국,"SF,액션","배급사,수입사",0,"2,096,180","11,275,475,200","1,793,310"
오멘,The Omen,2006,미국,공포(호러),"배급사,수입사",0,"318,350","1,857,061,800","292,333"
아이스 에이지 2,Ice Age 2: The Meltdown,2006,미국,"애니메이션,코미디,어드벤처","배급사,수입사",0,"924,050","1,564,015,900","250,536"
핑크 팬더,The Pink Panther,2006,미국,"코미디,범죄","배급사,수입사",0,"34,450","166,601,100","27,354"
빅 마마 하우스:근무중 이상무,Big Momma`S House 2,2006,미국,"액션,코미디","배급사,수입사",0,"6,590","33,059,500","5,751"
쇼핑걸,Shopgirl,2005,미국,"코미디,드라마","배급사,수입사",0,"1,125","7,753,000","1,125"
리바운드,Rebound,2005,미국,코미디,"배급사,수입사",0,934,"6,538,000",934
앙코르,Walk The Line,2005,미국,드라마,"배급사,수입사",0,"212,902","1,191,720,100","186,143"
다섯번째 계절,Bee Season,2005,미국,드라마,"배급사,수입사",0,"1,140","7,436,000","1,082"
열두명의 웬수들2,Cheaper By The Dozen 2,2005,미국,"코미디,가족","배급사,수입사",0,"14,440","70,268,000","11,957"
당신이 그녀라면,In Her Shoes,2005,미국,"코미디,드라마","배급사,수입사",0,"53,200","279,260,000","43,973"
판타스틱4,Fantastic Four,2005,미국,"액션,SF,판타지",배급사,0,"757,900","3,522,174,000","564,263"
엘프,Elf,2004,미국,코미디,배급사,0,"85,614","344,242,500","57,377"
내겐 너무 아찔한 그녀,The Girl Next Door,2004,미국,코미디,"배급사,수입사",,,"38,127,500","5,522"
웰컴 프레지던트,Welcome To Mooseport,2004,미국,코미디,수입사,,,"76,000",11
무간도3 - 종극무간,Infernal Affairs III,2003,홍콩,드라마,배급사,0,"44,000","363,509,000","54,369"
아스테릭스 : 미션 클레오파트라,Asterix And Obelix Mission Cleopatre,2002,프랑스,코미디,배급사,0,"58,611",,
케이티,Kt,2002,"한국,일본","드라마,스릴러",제작사,,"4,333",,
케이트 앤 레오폴드,Kate & Leopold,2001,미국,"멜로/로맨스,판타지",배급사,0,"50,000","1,591,000",195
고스포드 파크,Gosford Park,2001,영국,드라마,배급사,0,"36,401","970,500",167
기묘한 이야기,Tales of the Unusual,2000,일본,"공포(호러),드라마,판타지",배급사,0,"89,000",,
빅마마 하우스,Big Momma's House,2000,미국,"코미디,범죄","배급사,수입사",0,"50,268",,
왓 라이즈 비니스,What Lies Beneath,2000,미국,"공포(호러),미스터리,스릴러","배급사,수입사",0,"281,598",,
"미, 마이셀프 앤드 아이린","Me, Myself & Irene",2000,미국,"코미디,스릴러","배급사,수입사",0,"58,958",,
엑스맨,X - Man,2000,미국,"SF,액션,판타지","배급사,수입사",0,"463,371",,
타이탄 A.E,Titan A.E,2000,미국,"애니메이션,SF","배급사,수입사",0,"20,647",,
비밀,Secret,1999,일본,드라마,배급사,0,"182,130","4,350,000",704
소년은 울지 않는다,Boys Don`T Cry,1999,미국,드라마,배급사,0,"10,186",,
25살의 키스,Never Been Kissed,1999,미국,"멜로/로맨스,코미디",수입사,0,"5,560",,
비치,The Beach,1999,미국,"어드벤처,스릴러",배급사,0,"187,460",,
에어 콘트롤,Pushing Tin,1999,미국,"코미디,드라마",배급사,0,"28,995",,
애나 앤드 킹,Anna And The King,1999,미국,"드라마,코미디,멜로/로맨스",직배사,0,"204,138","315,000",105
텔미썸딩,Tell Me Something,1999,한국,"스릴러,미스터리",제공,0,"1,230,000",,
파이트 클럽,Fight Club,1999,미국,"액션,범죄,드라마,스릴러",직배사,0,"54,735","126,499,200","16,053"
브로크다운 펠리스,Brokedown Palace,1999,미국,드라마,직배사,0,"11,435",,
카라,Calla,1999,한국,"멜로/로맨스,판타지",배급사,0,"64,347",,
한 여름밤의 꿈,A Midsummer Night'S Dream,1999,미국,"코미디,판타지",직배사,0,"39,783","716,000",362
스타워즈:에피소드1 보이지 않는 위험,Star Wars: Episode I - The Phantom Menace,1999,미국,"SF,액션,어드벤처,판타지","제작사,배급사",0,"746,654","1,230,735,000","110,702"
불워스,Bulworth,1998,미국,"코미디,드라마,멜로/로맨스",직배사,0,"1,285",,
리턴 투 파라다이스,Return To Paradise,1998,미국,"드라마,멜로/로맨스,스릴러",수입사,0,"14,762",,
엘리자베스,Elizabeth,1998,미국,"드라마,사극",수입사,0,"43,508",,
진저브래드맨,The Gingerbread Man,1998,미국,"스릴러,드라마",수입사,0,"4,573",,
씬 레드라인,The Thin Red Line,1998,미국,"드라마,액션,전쟁",수입사,0,"149,344",,
닥터 두리틀,Doctor Dolittle,1998,미국,"코미디,가족","배급사,수입사",0,"35,420",,
에버 애프터,Ever After,1998,미국,"드라마,코미디,판타지",수입사,0,"27,249",,
비상계엄,The Siege,1998,미국,"드라마,스릴러,액션",수입사,0,"298,903",,
짱,The Best,1998,한국,"드라마,액션",배급사,0,"51,247",,
엑스파일,The X Files,1998,"미국,캐나다","SF,공포(호러),드라마,스릴러","배급사,수입사",0,"239,832",,
나 홀로 집에 3,Home Alone 3,1997,미국,"가족,드라마,코미디",제작사,0,"98,647",,
타이타닉,Titanic,1997,미국,"드라마,멜로/로맨스,액션",배급사,0,"1,971,780","4,907,805,500","429,511"
악의 꽃,Inventing The Abbotts,1997,미국,드라마,수입사,0,"2,791",,
로미오와 줄리엣,Romeo And Juliet,1996,미국,"멜로/로맨스,액션,드라마","배급사,수입사",0,"491,435","89,416,400","13,310"
솔드 아웃,Jingle All The Way,1996,미국,"가족,액션,어드벤처,코미디",수입사,0,"69,360",,
체인 리액션,Chain Reaction,1996,미국,"액션,드라마",수입사,0,"148,397",,
걸 식스,Girl 6,1996,미국,"코미디,드라마",수입사,0,"3,040",,
고양이와 개에 관한 진실,The Truth About Cats & Dogs,1996,미국,코미디,"제작사,수입사",0,"30,587",,
커리지 언더 파이어,Courage Under Fire,1996,미국,"전쟁,액션,드라마,미스터리",수입사,0,"231,165",,
내 이름은 던스턴,Dunston Check In,1996,미국,"코미디,어드벤처",수입사,0,"8,032",,
인디펜던스 데이,Independence Day,1996,미국,"SF,액션","제작사,수입사",0,"923,223",,
잠망경을 올려라,Down Periscope,1996,미국,코미디,"제작사,수입사",0,"10,133",,
사랑을 기다리며,Waiting To Exhale,1996,미국,"코미디,드라마","제작사,수입사",0,"22,453",,
브로큰 애로우,Broken Arrow,1995,미국,"액션,어드벤처,스릴러","제작사,수입사",0,"202,598","237,000",85
나인 먼쓰,Nine Months,1995,미국,"멜로/로맨스,코미디",수입사,0,"89,556",,
구름 속의 산책,A Walk In The Clouds,1995,미국,드라마,수입사,0,"153,550","482,000",158
브레이브 하트,Brave Heart,1995,미국,"드라마,액션,전쟁,사극",수입사,0,"500,798","11,472,000","5,721"
이중노출,Kiss Of Death,1995,미국,스릴러,"제작사,수입사",0,"25,011",,
독 안에 들어간 쥐,Trapped In Paradise,1994,미국,코미디,수입사,0,"3,040",,
34번가의 기적,Miracle On 34Th Street,1994,미국,"가족,드라마",수입사,0,"84,665",,
나쁜 여자들,Bad Girls,1994,미국,서부극(웨스턴),수입사,0,"6,521","156,000",61
베이비 데이 아웃,Baby'S Day Out,1994,미국,"가족,코미디",수입사,0,"78,207",,
스피드,Speed,1994,미국,"스릴러,액션",수입사,0,"874,225",,
루키,Rookie Of The Year,1993,미국,"가족,코미디,판타지",수입사,0,"2,708",,
사랑의 커피,The Vanising,1993,미국,"공포(호러),드라마,미스터리,스릴러",수입사,0,"6,697",,
비버리 힐빌리즈,The Beverly Hillbillies,1993,미국,코미디,"배급사,수입사",0,"4,922",,
미세스 다웃파이어,Mrs. Doubtfire,1993,미국,"드라마,가족",수입사,0,"468,229","671,000",235
떠오르는 태양,Rising Sun,1993,미국,"미스터리,범죄,액션",수입사,0,"114,421",,
무단침입,Unlawful Entry,1993,미국,"범죄,스릴러",수입사,0,"34,990",,
엄마의 노래,Jack The Bear,1993,미국,"드라마,코미디",수입사,0,"1,448",,
오멘 4,Omen Ⅳ-The Awakening,1993,미국,공포(호러),수입사,0,"10,830",,
토이즈,Toys,1993,미국,"드라마,코미디,판타지",수입사,0,"11,395",,
못말리는 람보,Hot Shots! 2,1993,미국,코미디,수입사,0,"70,784",,
호파,Hoffa,1993,미국,드라마,수입사,0,"3,219",,
푸른 골짜기,Ferngully,1993,미국,애니메이션,수입사,0,"12,641",,
덩크슛,White Men Can'T Jump,1992,미국,"드라마,코미디",수입사,0,"22,188",,
키스의 전주곡,Prelude To A Kiss,1992,미국,멜로/로맨스,수입사,0,"39,388",,
나 홀로 집에 2,Home Alone 2,1992,미국,"가족,코미디,액션,스릴러",수입사,0,"442,144",,
래피드 화이어,Rapid Fire,1992,미국,"액션,드라마,스릴러",수입사,0,"28,949",,
에이리언3,Alien 3,1992,미국,"SF,공포(호러),스릴러,액션",수입사,0,"349,150","118,000",23
사랑의 용기,Shining Through,1992,미국,"멜로/로맨스,스릴러,전쟁,드라마",수입사,0,"19,973","220,000",78
어메이징 닌자,Teenage Mutant Ninja Turtle 2,1991,미국,액션,수입사,0,"9,836","40,000",10
나의 사촌 비니,My Cousin Vinny,1991,미국,"코미디,범죄",수입사,0,"8,876",,
귀여운 악마,Driving Me Crazy,1991,미국,"드라마,코미디",수입사,0,"8,176",,
못 말리는 비행사,Hot Shots,1991,미국,코미디,수입사,0,"229,505",,
폭풍속으로,Point Break,1991,미국,"액션,스릴러,범죄",수입사,0,"76,145",,
사랑을 위하여,Dying Young,1991,미국,멜로/로맨스,수입사,0,"195,490","153,000",51
적과의 동침,Sleeping With The Enemy,1991,미국,"드라마,범죄",수입사,0,"186,752",,
나홀로 집에,Home Alone,1990,미국,"가족,스릴러,어드벤처,코미디",수입사,0,"869,820",,
가위손,Edward Scissorhands,1990,미국,드라마,수입사,0,"77,114","41,870,000","5,904"
프레데터2,Predator 2,1990,미국,"SF,공포(호러),스릴러,액션",수입사,0,"86,094",,
다이 하드 2,Die Hard 2,1990,미국,액션,수입사,0,"651,009",,
3인의 약혼녀,Worth Winning,1989,미국,"드라마,코미디",수입사,0,"28,062",,
장미의 전쟁,The War Of The Rose,1989,미국,드라마,수입사,0,"81,215",,
심연,The Abyss,1989,미국,"SF,드라마,스릴러,액션,어드벤처",수입사,0,"80,558",,
더플라이 2,The Fly Ⅱ,1989,미국,"SF,공포(호러)",수입사,0,"102,009",,
운전면허,License To Drive,1988,미국,"드라마,코미디",수입사,0,"24,830",,
워킹걸,Working Girl,1988,미국,"드라마,코미디",수입사,0,"89,169",,
빅,Big,1988,미국,"가족,드라마,코미디,판타지",수입사,0,"225,999","3,023,000","1,213"
사이공,Saigon,1988,미국,드라마,제작사,0,"102,115",,
코쿤,Cocoon,1985,미국,"SF,드라마,어드벤처,코미디",수입사,0,"21,379",,
심령의 공포,The Entity,1981,미국,"공포(호러),미스터리,스릴러",수입사,0,"7,552",,
포키스,Porky's,1981,미국,코미디,수입사,0,"11,379",,
7인의 독수리,Sky Riders,1976,미국,"액션,어드벤처",제작사,0,"332,080",,
로미오와 줄리엣,Romeo And Juliet,1968,"영국,이탈리아","드라마,멜로/로맨스,사극",수입사,,"267,372","1,298,000",212
사운드 오브 뮤직,The Sound Of Music,1965,미국,"드라마,뮤지컬",배급사,0,"184,410","104,749,100","24,409"
성의,The Robe,1953,미국,"드라마,사극",제작사,0,"50,056","8,633,644","5,634"
몽키 비지니스,Monkey Business,1952,미국,"SF,코미디",제작사,,,"584,000",287
황야의 결투,My Darling Clementine,1946,미국,"드라마,서부극(웨스턴),범죄",제작사,,,"10,484,000","4,828"
데드풀 2,DEADPOOL 2,2018,미국,"액션,어드벤처,코미디,SF",주연,,,"18,607,000","1,271"
어벤져스: 인피니티 워,Avengers: Infinity War,2018,미국,"액션,어드벤처,판타지,SF",주연,"46,121,068,531","5,258,905","90,520,152,901","10,133,512"
시카리오: 데이 오브 솔다도,Sicario: Day of the Soldado,2018,미국,"액션,범죄,드라마",주연,,,,
온리 더 브레이브,Only the Brave,2017,미국,드라마,주연,"377,519,300","48,014","390,912,300","49,612"
서버비콘,Suburbicon,2017,미국,"범죄,미스터리",주연,,,,
"헤일, 시저!","Hail, Caesar!",2016,미국,"코미디,드라마",주연,"271,122,300","34,295","271,444,300","34,331"
시카리오: 암살자의 도시,Sicario,2015,미국,"범죄,미스터리,스릴러",주연,"1,237,950,192","153,009","1,239,282,692","153,225"
에베레스트,Everest,2015,"미국,영국","어드벤처,드라마,스릴러",주연,"3,055,119,748","332,180","3,055,119,748","332,180"
씬 시티: 다크히어로의 부활,Sin City: A dame to kill for,2013,미국,"액션,범죄,스릴러",주연,"656,718,748","83,182","656,718,748","83,182"
올드보이,Oldboy,2013,미국,"액션,스릴러",주연,"56,281,683","7,471","60,248,683","7,979"
레이버 데이,Labor Day,2013,미국,드라마,주연-프랭크 역역,,,,
맨 인 블랙 3,Men In Black III,2012,미국,"액션,코미디,SF",주연-젊은 케이역,"27,301,520,070","3,379,762","27,301,520,070","3,379,762"
갱스터 스쿼드,Gangster Squad,2012,미국,"범죄,드라마",주연,,,,
더 브레이브,True Grit,2010,미국,"드라마,서부극(웨스턴)",주연-톰 채니역,"240,423,500","31,152","240,912,000","31,217"
환상의 그대,You Will Meet a Tall Dark Stranger,2010,미국,"멜로/로맨스,코미디",주연,"198,216,500","24,579","207,940,000","25,968"
조나 헥스,Jonah Hex,2010,미국,"액션,드라마,스릴러,서부극(웨스턴)",주연-조나 헥스역,,,,
밀크,Milk,2008,미국,드라마,주연,"97,068,007","13,372","96,102,000","13,250"
더블유,W.,2008,"미국,호주,홍콩,스위스,중국",드라마,주연,,,,
플래닛 테러,Planet Terror,2007,미국,"액션,공포(호러),SF",주연-윌리엄 박사역,"124,562,500","19,324","124,562,500","19,324"
노인을 위한 나라는 없다,No Country For Old Men,2007,미국,"스릴러,드라마,범죄",주연- 를르윈 모스 역,"435,417,500","64,078","460,932,400","67,262"
씨크릿,Best Laid Plans,1999,미국,"범죄,드라마,스릴러",주연,,,,
구니스,The Goonies,1985,미국,"어드벤처,코미디,가족,스릴러",주연,0,"337,866",,
